product_id,product_name,category,brand,unit_cost,list_price,active_flag,updated_at
P0001,Product 0001,Home,Brand 02,28.41,48.99,true,2026-07-15 00:00:00
P0002,Product 0002,Fashion,Brand 03,45.23,77.99,true,2026-07-15 00:00:00
P0003,Product 0003,Grocery,Brand 04,62.05,106.99,true,2026-07-15 00:00:00
P0004,Product 0004,Beauty,Brand 05,78.87,135.99,true,2026-07-15 00:00:00
P0005,Product 0005,Sports,Brand 06,95.69,164.99,true,2026-07-15 00:00:00
P0006,Product 0006,Electronics,Brand 07,112.51,193.99,true,2026-07-15 00:00:00
P0007,Product 0007,Home,Brand 08,129.33,222.99,true,2026-07-15 00:00:00
P0008,Product 0008,Fashion,Brand 09,146.15,251.99,true,2026-07-15 00:00:00
P0009,Product 0009,Grocery,Brand 10,162.97,280.99,true,2026-07-15 00:00:00
P0010,Product 0010,Beauty,Brand 11,179.79,309.99,true,2026-07-15 00:00:00
P0011,Product 0011,Sports,Brand 12,196.61,338.99,true,2026-07-15 00:00:00
P0012,Product 0012,Electronics,Brand 13,213.43,367.99,true,2026-07-15 00:00:00
P0013,Product 0013,Home,Brand 14,230.25,396.99,true,2026-07-15 00:00:00
P0014,Product 0014,Fashion,Brand 15,247.07,425.99,true,2026-07-15 00:00:00
P0015,Product 0015,Grocery,Brand 16,263.89,454.99,true,2026-07-15 00:00:00
P0016,Product 0016,Beauty,Brand 17,280.71,483.99,true,2026-07-15 00:00:00
P0017,Product 0017,Sports,Brand 18,18.55,31.99,false,2026-07-15 00:00:00
P0018,Product 0018,Electronics,Brand 19,35.37,60.99,true,2026-07-15 00:00:00
P0019,Product 0019,Home,Brand 20,52.19,89.99,true,2026-07-15 00:00:00
P0020,Product 0020,Fashion,Brand 01,69.01,118.99,true,2026-07-15 00:00:00
P0021,Product 0021,Grocery,Brand 02,85.83,147.99,true,2026-07-15 00:00:00
P0022,Product 0022,Beauty,Brand 03,102.65,176.99,true,2026-07-15 00:00:00
P0023,Product 0023,Sports,Brand 04,119.47,205.99,true,2026-07-15 00:00:00
P0024,Product 0024,Electronics,Brand 05,136.29,234.99,true,2026-07-15 00:00:00
P0025,Product 0025,Home,Brand 06,153.11,263.99,true,2026-07-15 00:00:00
P0026,Product 0026,Fashion,Brand 07,169.93,292.99,true,2026-07-15 00:00:00
P0027,Product 0027,Grocery,Brand 08,186.75,321.99,true,2026-07-15 00:00:00
P0028,Product 0028,Beauty,Brand 09,203.57,350.99,true,2026-07-15 00:00:00
P0029,Product 0029,Sports,Brand 10,220.39,379.99,true,2026-07-15 00:00:00
P0030,Product 0030,Electronics,Brand 11,237.21,408.99,true,2026-07-15 00:00:00
P0031,Product 0031,Home,Brand 12,254.03,437.99,true,2026-07-15 00:00:00
P0032,Product 0032,Fashion,Brand 13,270.85,466.99,true,2026-07-15 00:00:00
P0033,Product 0033,Grocery,Brand 14,287.67,495.99,true,2026-07-15 00:00:00
P0034,Product 0034,Beauty,Brand 15,25.51,43.99,false,2026-07-15 00:00:00
P0035,Product 0035,Sports,Brand 16,42.33,72.99,true,2026-07-15 00:00:00
P0036,Product 0036,Electronics,Brand 17,59.15,101.99,true,2026-07-15 00:00:00
P0037,Product 0037,Home,Brand 18,75.97,130.99,true,2026-07-15 00:00:00
P0038,Product 0038,Fashion,Brand 19,92.79,159.99,true,2026-07-15 00:00:00
P0039,Product 0039,Grocery,Brand 20,109.61,188.99,true,2026-07-15 00:00:00
P0040,Product 0040,Beauty,Brand 01,126.43,217.99,true,2026-07-15 00:00:00
P0041,Product 0041,Sports,Brand 02,143.25,246.99,true,2026-07-15 00:00:00
P0042,Product 0042,Electronics,Brand 03,160.07,275.99,true,2026-07-15 00:00:00
P0043,Product 0043,Home,Brand 04,176.89,304.99,true,2026-07-15 00:00:00
P0044,Product 0044,Fashion,Brand 05,193.71,333.99,true,2026-07-15 00:00:00
P0045,Product 0045,Grocery,Brand 06,210.53,362.99,true,2026-07-15 00:00:00
P0046,Product 0046,Beauty,Brand 07,227.35,391.99,true,2026-07-15 00:00:00
P0047,Product 0047,Sports,Brand 08,244.17,420.99,true,2026-07-15 00:00:00
P0048,Product 0048,Electronics,Brand 09,260.99,449.99,true,2026-07-15 00:00:00
P0049,Product 0049,Home,Brand 10,277.81,478.99,true,2026-07-15 00:00:00
P0050,Product 0050,Fashion,Brand 11,15.65,26.99,true,2026-07-15 00:00:00
P0051,Product 0051,Grocery,Brand 12,32.47,55.99,false,2026-07-15 00:00:00
P0052,Product 0052,Beauty,Brand 13,49.29,84.99,true,2026-07-15 00:00:00
P0053,Product 0053,Sports,Brand 14,66.11,113.99,true,2026-07-15 00:00:00
P0054,Product 0054,Electronics,Brand 15,82.93,142.99,true,2026-07-15 00:00:00
P0055,Product 0055,Home,Brand 16,99.75,171.99,true,2026-07-15 00:00:00
P0056,Product 0056,Fashion,Brand 17,116.57,200.99,true,2026-07-15 00:00:00
P0057,Product 0057,Grocery,Brand 18,133.39,229.99,true,2026-07-15 00:00:00
P0058,Product 0058,Beauty,Brand 19,150.21,258.99,true,2026-07-15 00:00:00
P0059,Product 0059,Sports,Brand 20,167.03,287.99,true,2026-07-15 00:00:00
P0060,Product 0060,Electronics,Brand 01,183.85,316.99,true,2026-07-15 00:00:00
P0061,Product 0061,Home,Brand 02,200.67,345.99,true,2026-07-15 00:00:00
P0062,Product 0062,Fashion,Brand 03,217.49,374.99,true,2026-07-15 00:00:00
P0063,Product 0063,Grocery,Brand 04,234.31,403.99,true,2026-07-15 00:00:00
P0064,Product 0064,Beauty,Brand 05,251.13,432.99,true,2026-07-15 00:00:00
P0065,Product 0065,Sports,Brand 06,267.95,461.99,true,2026-07-15 00:00:00
P0066,Product 0066,Electronics,Brand 07,284.77,490.99,true,2026-07-15 00:00:00
P0067,Product 0067,Home,Brand 08,22.61,38.99,true,2026-07-15 00:00:00
P0068,Product 0068,Fashion,Brand 09,39.43,67.99,false,2026-07-15 00:00:00
P0069,Product 0069,Grocery,Brand 10,56.25,96.99,true,2026-07-15 00:00:00
P0070,Product 0070,Beauty,Brand 11,73.07,125.99,true,2026-07-15 00:00:00
P0071,Product 0071,Sports,Brand 12,89.89,154.99,true,2026-07-15 00:00:00
P0072,Product 0072,Electronics,Brand 13,106.71,183.99,true,2026-07-15 00:00:00
P0073,Product 0073,Home,Brand 14,123.53,212.99,true,2026-07-15 00:00:00
P0074,Product 0074,Fashion,Brand 15,140.35,241.99,true,2026-07-15 00:00:00
P0075,Product 0075,Grocery,Brand 16,157.17,270.99,true,2026-07-15 00:00:00
P0076,Product 0076,Beauty,Brand 17,173.99,299.99,true,2026-07-15 00:00:00
P0077,Product 0077,Sports,Brand 18,190.81,328.99,true,2026-07-15 00:00:00
P0078,Product 0078,Electronics,Brand 19,207.63,357.99,true,2026-07-15 00:00:00
P0079,Product 0079,Home,Brand 20,224.45,386.99,true,2026-07-15 00:00:00
P0080,Product 0080,Fashion,Brand 01,241.27,415.99,true,2026-07-15 00:00:00
P0081,Product 0081,Grocery,Brand 02,258.09,444.99,true,2026-07-15 00:00:00
P0082,Product 0082,Beauty,Brand 03,274.91,473.99,true,2026-07-15 00:00:00
P0083,Product 0083,Sports,Brand 04,12.75,21.99,true,2026-07-15 00:00:00
P0084,Product 0084,Electronics,Brand 05,29.57,50.99,true,2026-07-15 00:00:00
P0085,Product 0085,Home,Brand 06,46.39,79.99,false,2026-07-15 00:00:00
P0086,Product 0086,Fashion,Brand 07,63.21,108.99,true,2026-07-15 00:00:00
P0087,Product 0087,Grocery,Brand 08,80.03,137.99,true,2026-07-15 00:00:00
P0088,Product 0088,Beauty,Brand 09,96.85,166.99,true,2026-07-15 00:00:00
P0089,Product 0089,Sports,Brand 10,113.67,195.99,true,2026-07-15 00:00:00
P0090,Product 0090,Electronics,Brand 11,130.49,224.99,true,2026-07-15 00:00:00
P0091,Product 0091,Home,Brand 12,147.31,253.99,true,2026-07-15 00:00:00
P0092,Product 0092,Fashion,Brand 13,164.13,282.99,true,2026-07-15 00:00:00
P0093,Product 0093,Grocery,Brand 14,180.95,311.99,true,2026-07-15 00:00:00
P0094,Product 0094,Beauty,Brand 15,197.77,340.99,true,2026-07-15 00:00:00
P0095,Product 0095,Sports,Brand 16,214.59,369.99,true,2026-07-15 00:00:00
P0096,Product 0096,Electronics,Brand 17,231.41,398.99,true,2026-07-15 00:00:00
P0097,Product 0097,Home,Brand 18,248.23,427.99,true,2026-07-15 00:00:00
P0098,Product 0098,Fashion,Brand 19,265.05,456.99,true,2026-07-15 00:00:00
P0099,Product 0099,Grocery,Brand 20,281.87,485.99,true,2026-07-15 00:00:00
P0100,Product 0100,Beauty,Brand 01,19.71,33.99,true,2026-07-15 00:00:00
P0101,Product 0101,Sports,Brand 02,36.53,62.99,true,2026-07-15 00:00:00
P0102,Product 0102,Electronics,Brand 03,53.35,91.99,false,2026-07-15 00:00:00
P0103,Product 0103,Home,Brand 04,70.17,120.99,true,2026-07-15 00:00:00
P0104,Product 0104,Fashion,Brand 05,86.99,149.99,true,2026-07-15 00:00:00
P0105,Product 0105,Grocery,Brand 06,103.81,178.99,true,2026-07-15 00:00:00
P0106,Product 0106,Beauty,Brand 07,120.63,207.99,true,2026-07-15 00:00:00
P0107,Product 0107,Sports,Brand 08,137.45,236.99,true,2026-07-15 00:00:00
P0108,Product 0108,Electronics,Brand 09,154.27,265.99,true,2026-07-15 00:00:00
P0109,Product 0109,Home,Brand 10,171.09,294.99,true,2026-07-15 00:00:00
P0110,Product 0110,Fashion,Brand 11,187.91,323.99,true,2026-07-15 00:00:00
P0111,Product 0111,Grocery,Brand 12,204.73,352.99,true,2026-07-15 00:00:00
P0112,Product 0112,Beauty,Brand 13,221.55,381.99,true,2026-07-15 00:00:00
P0113,Product 0113,Sports,Brand 14,238.37,410.99,true,2026-07-15 00:00:00
P0114,Product 0114,Electronics,Brand 15,255.19,439.99,true,2026-07-15 00:00:00
P0115,Product 0115,Home,Brand 16,272.01,468.99,true,2026-07-15 00:00:00
P0116,Product 0116,Fashion,Brand 17,288.83,497.99,true,2026-07-15 00:00:00
P0117,Product 0117,Grocery,Brand 18,26.67,45.99,true,2026-07-15 00:00:00
P0118,Product 0118,Beauty,Brand 19,43.49,74.99,true,2026-07-15 00:00:00
P0119,Product 0119,Sports,Brand 20,60.31,103.99,false,2026-07-15 00:00:00
P0120,Product 0120,Electronics,Brand 01,77.13,132.99,true,2026-07-15 00:00:00
